Workbook

Sheet Assumptions
A1: Assumptions & Configuration
A3: FX Rates (to KRW)
A4: 1 USD = | B4: 1365 | C4: KRW
A5: 1 EUR = | B5: 1510 | C5: KRW
A6: 1 GBP = | B6: 1755 | C6: KRW
A7: 1 KRW = | B7: 0.064 | C7: INR
A9: Cost Buffer %
A10: Buffer over EMS cost = | B10: 0.2 | C10: applied to customer-facing rates
A12: Shipping cap
A13: Max chargeable weight = | B13: 20 | C13: kg
A15: Notes
A16: 1. Source rates from koreanbro.com (Korea Post EMS forwarder). Includes ~8% forwarder service fee.
A17: 2. Direct Korea EMS rates (without forwarder margin) will be slightly lower. Verify each rate on:
A18: https://ems.epost.go.kr/front.EmsDeliveryDelivery09.postal before going live.
A19: 3. FX rates as of May 2026. Update cells B4:B7 with current rates when needed.
A20: 4. Buffer (cell B10) is the markup over EMS cost to cover packaging, FX swings, and surprises.
A21: 5. Italy/Poland/Portugal/Qatar/UAE use Region 3 rates (forwarder's Europe/ME bucket).
A22: 6. South Africa/Tanzania/Nigeria use Region 4 rates (forwarder's Africa bucket).
A23: 7. France/Germany/Spain/USA/UK/Vietnam have dedicated country rates from the forwarder.
A24: 8. Yellow cells = inputs you can change. Blue text = hardcoded input. Black text = formula.

Sheet Source Rates
A1: EMS Rates — Source (Native Currency)
A2: Source: koreanbro.com Korea Post EMS rates. Apply FX from Assumptions to convert.
A4: Country | B4: Currency | C4: Rate Notes | D4: 0.5 kg | E4: 1.0 kg | F4: 2.0 kg | G4: 3.0 kg | H4: 5.0 kg | I4: 7.0 kg | J4: 10.0 kg | K4: 15.0 kg | L4: 20.0 kg
A5: United States | B5: USD | C5: Dedicated rate | D5: 22 | E5: 28 | F5: 39 | G5: 50 | H5: 72 | I5: 95 | J5: 128 | K5: 184 | L5: 240
A6: United Kingdom | B6: GBP | C6: Dedicated rate | D6: 21 | E6: 24 | F6: 29 | G6: 33 | H6: 42 | I6: 52 | J6: 68 | K6: 95 | L6: 122
A7: Vietnam | B7: USD | C7: Dedicated rate | D7: 14 | E7: 16 | F7: 19 | G7: 21 | H7: 26 | I7: 31 | J7: 40 | K7: 56 | L7: 71
A8: France | B8: EUR | C8: Dedicated rate | D8: 19.6 | E8: 22.2 | F8: 27.5 | G8: 32.4 | H8: 42.5 | I8: 53.1 | J8: 73.3 | K8: 106.4 | L8: 139.9
A9: Germany | B9: EUR | C9: Dedicated rate | D9: 23 | E9: 26.3 | F9: 32.7 | G9: 38 | H9: 48.9 | I9: 60.1 | J9: 79.4 | K9: 110.9 | L9: 142.8
A10: Spain | B10: EUR | C10: Dedicated rate | D10: 21 | E10: 24 | F10: 31 | G10: 37 | H10: 50 | I10: 64 | J10: 84 | K10: 117 | L10: 150
A11: Italy | B11: USD | C11: Region 3 (Europe) | D11: 23 | E11: 26 | F11: 32 | G11: 37 | H11: 49 | I11: 62 | J11: 84 | K11: 121 | L11: 158
A12: Poland | B12: USD | C12: Region 3 (Europe) | D12: 23 | E12: 26 | F12: 32 | G12: 37 | H12: 49 | I12: 62 | J12: 84 | K12: 121 | L12: 158
A13: Portugal | B13: USD | C13: Region 3 (Europe) | D13: 23 | E13: 26 | F13: 32 | G13: 37 | H13: 49 | I13: 62 | J13: 84 | K13: 121 | L13: 158
A14: Qatar | B14: USD | C14: Region 3 (Middle East) | D14: 23 | E14: 26 | F14: 32 | G14: 37 | H14: 49 | I14: 62 | J14: 84 | K14: 121 | L14: 158
A15: UAE | B15: USD | C15: Region 3 (Middle East) | D15: 23 | E15: 26 | F15: 32 | G15: 37 | H15: 49 | I15: 62 | J15: 84 | K15: 121 | L15: 158
A16: South Africa | B16: USD | C16: Region 4 (Africa) | D16: 27.1 | E16: 32 | F16: 41.9 | G16: 50.9 | H16: 75.9 | I16: 100.9 | J16: 138.2 | K16: 200.1 | L16: 262.4
... A18: Nigeria | B18: USD | C18: Region 4 (Africa) | D18: 27.1 | E18: 32 | F18: 41.9 | G18: 50.9 | H18: 75.9 | I18: 100.9 | J18: 138.2 | K18: 200.1 | L18: 262.4

Sheet Rates in KRW
A1: EMS Rates — Converted to KRW (Korean Won)
A2: Original currency from Korea Post. Formulas: source rate × FX rate from Assumptions sheet.
A4: Country | B4: Currency | C4: 0.5 kg | D4: 1.0 kg | E4: 2.0 kg | F4: 3.0 kg | G4: 5.0 kg | H4: 7.0 kg | I4: 10.0 kg | J4: 15.0 kg | K4: 20.0 kg
A5: United States | B5: USD | C5: ='Source Rates'!D5*Assumptions!$B$4 -> 30030 | D5: ='Source Rates'!E5*Assumptions!$B$4 -> 38220 | E5: ='Source Rates'!F5*Assumptions!$B$4 -> 53235 | F5: ='Source Rates'!G5*Assumptions!$B$4 -> 68250 | G5: ='Source Rates'!H5*Assumptions!$B$4 -> 98280 | H5: ='Source Rates'!I5*Assumptions!$B$4 -> 129675 | I5: ='Source Rates'!J5*Assumptions!$B$4 -> 174720 | J5: ='Source Rates'!K5*Assumptions!$B$4 -> 251160 | K5: ='Source Rates'!L5*Assumptions!$B$4 -> 327600
A6: United Kingdom | B6: GBP | C6: ='Source Rates'!D6*Assumptions!$B$6 -> 36855 | D6: ='Source Rates'!E6*Assumptions!$B$6 -> 42120 | E6: ='Source Rates'!F6*Assumptions!$B$6 -> 50895 | F6: ='Source Rates'!G6*Assumptions!$B$6 -> 57915 | G6: ='Source Rates'!H6*Assumptions!$B$6 -> 73710 | H6: ='Source Rates'!I6*Assumptions!$B$6 -> 91260 | I6: ='Source Rates'!J6*Assumptions!$B$6 -> 119340 | J6: ='Source Rates'!K6*Assumptions!$B$6 -> 166725 | K6: ='Source Rates'!L6*Assumptions!$B$6 -> 214110
A7: Vietnam | B7: USD | C7: ='Source Rates'!D7*Assumptions!$B$4 -> 19110 | D7: ='Source Rates'!E7*Assumptions!$B$4 -> 21840 | E7: ='Source Rates'!F7*Assumptions!$B$4 -> 25935 | F7: ='Source Rates'!G7*Assumptions!$B$4 -> 28665 | G7: ='Source Rates'!H7*Assumptions!$B$4 -> 35490 | H7: ='Source Rates'!I7*Assumptions!$B$4 -> 42315 | I7: ='Source Rates'!J7*Assumptions!$B$4 -> 54600 | J7: ='Source Rates'!K7*Assumptions!$B$4 -> 76440 | K7: ='Source Rates'!L7*Assumptions!$B$4 -> 96915
A8: France | B8: EUR | C8: ='Source Rates'!D8*Assumptions!$B$5 -> 29596 | D8: ='Source Rates'!E8*Assumptions!$B$5 -> 33522 | E8: ='Source Rates'!F8*Assumptions!$B$5 -> 41525 | F8: ='Source Rates'!G8*Assumptions!$B$5 -> 48924 | G8: ='Source Rates'!H8*Assumptions!$B$5 -> 64175 | H8: ='Source Rates'!I8*Assumptions!$B$5 -> 80181 | I8: ='Source Rates'!J8*Assumptions!$B$5 -> 110683 | J8: ='Source Rates'!K8*Assumptions!$B$5 -> 160664 | K8: ='Source Rates'!L8*Assumptions!$B$5 -> 211249
A9: Germany | B9: EUR | C9: ='Source Rates'!D9*Assumptions!$B$5 -> 34730 | D9: ='Source Rates'!E9*Assumptions!$B$5 -> 39713 | E9: ='Source Rates'!F9*Assumptions!$B$5 -> 49377 | F9: ='Source Rates'!G9*Assumptions!$B$5 -> 57380 | G9: ='Source Rates'!H9*Assumptions!$B$5 -> 73839 | H9: ='Source Rates'!I9*Assumptions!$B$5 -> 90751 | I9: ='Source Rates'!J9*Assumptions!$B$5 -> 119894 | J9: ='Source Rates'!K9*Assumptions!$B$5 -> 167459 | K9: ='Source Rates'!L9*Assumptions!$B$5 -> 215628
A10: Spain | B10: EUR | C10: ='Source Rates'!D10*Assumptions!$B$5 -> 31710 | D10: ='Source Rates'!E10*Assumptions!$B$5 -> 36240 | E10: ='Source Rates'!F10*Assumptions!$B$5 -> 46810 | F10: ='Source Rates'!G10*Assumptions!$B$5 -> 55870 | G10: ='Source Rates'!H10*Assumptions!$B$5 -> 75500 | H10: ='Source Rates'!I10*Assumptions!$B$5 -> 96640 | I10: ='Source Rates'!J10*Assumptions!$B$5 -> 126840 | J10: ='Source Rates'!K10*Assumptions!$B$5 -> 176670 | K10: ='Source Rates'!L10*Assumptions!$B$5 -> 226500
A11: Italy | B11: USD | C11: ='Source Rates'!D11*Assumptions!$B$4 -> 31395 | D11: ='Source Rates'!E11*Assumptions!$B$4 -> 35490 | E11: ='Source Rates'!F11*Assumptions!$B$4 -> 43680 | F11: ='Source Rates'!G11*Assumptions!$B$4 -> 50505 | G11: ='Source Rates'!H11*Assumptions!$B$4 -> 66885 | H11: ='Source Rates'!I11*Assumptions!$B$4 -> 84630 | I11: ='Source Rates'!J11*Assumptions!$B$4 -> 114660 | J11: ='Source Rates'!K11*Assumptions!$B$4 -> 165165 | K11: ='Source Rates'!L11*Assumptions!$B$4 -> 215670
A12: Poland | B12: USD | C12: ='Source Rates'!D12*Assumptions!$B$4 -> 31395 | D12: ='Source Rates'!E12*Assumptions!$B$4 -> 35490 | E12: ='Source Rates'!F12*Assumptions!$B$4 -> 43680 | F12: ='Source Rates'!G12*Assumptions!$B$4 -> 50505 | G12: ='Source Rates'!H12*Assumptions!$B$4 -> 66885 | H12: ='Source Rates'!I12*Assumptions!$B$4 -> 84630 | I12: ='Source Rates'!J12*Assumptions!$B$4 -> 114660 | J12: ='Source Rates'!K12*Assumptions!$B$4 -> 165165 | K12: ='Source Rates'!L12*Assumptions!$B$4 -> 215670
A13: Portugal | B13: USD | C13: ='Source Rates'!D13*Assumptions!$B$4 -> 31395 | D13: ='Source Rates'!E13*Assumptions!$B$4 -> 35490 | E13: ='Source Rates'!F13*Assumptions!$B$4 -> 43680 | F13: ='Source Rates'!G13*Assumptions!$B$4 -> 50505 | G13: ='Source Rates'!H13*Assumptions!$B$4 -> 66885 | H13: ='Source Rates'!I13*Assumptions!$B$4 -> 84630 | I13: ='Source Rates'!J13*Assumptions!$B$4 -> 114660 | J13: ='Source Rates'!K13*Assumptions!$B$4 -> 165165 | K13: ='Source Rates'!L13*Assumptions!$B$4 -> 215670
A14: Qatar | B14: USD | C14: ='Source Rates'!D14*Assumptions!$B$4 -> 31395 | D14: ='Source Rates'!E14*Assumptions!$B$4 -> 35490 | E14: ='Source Rates'!F14*Assumptions!$B$4 -> 43680 | F14: ='Source Rates'!G14*Assumptions!$B$4 -> 50505 | G14: ='Source Rates'!H14*Assumptions!$B$4 -> 66885 | H14: ='Source Rates'!I14*Assumptions!$B$4 -> 84630 | I14: ='Source Rates'!J14*Assumptions!$B$4 -> 114660 | J14: ='Source Rates'!K14*Assumptions!$B$4 -> 165165 | K14: ='Source Rates'!L14*Assumptions!$B$4 -> 215670
A15: UAE | B15: USD | C15: ='Source Rates'!D15*Assumptions!$B$4 -> 31395 | D15: ='Source Rates'!E15*Assumptions!$B$4 -> 35490 | E15: ='Source Rates'!F15*Assumptions!$B$4 -> 43680 | F15: ='Source Rates'!G15*Assumptions!$B$4 -> 50505 | G15: ='Source Rates'!H15*Assumptions!$B$4 -> 66885 | H15: ='Source Rates'!I15*Assumptions!$B$4 -> 84630 | I15: ='Source Rates'!J15*Assumptions!$B$4 -> 114660 | J15: ='Source Rates'!K15*Assumptions!$B$4 -> 165165 | K15: ='Source Rates'!L15*Assumptions!$B$4 -> 215670
A16: South Africa | B16: USD | C16: ='Source Rates'!D16*Assumptions!$B$4 -> 36991.5 | D16: ='Source Rates'!E16*Assumptions!$B$4 -> 43680 | E16: ='Source Rates'!F16*Assumptions!$B$4 -> 57193.5 | F16: ='Source Rates'!G16*Assumptions!$B$4 -> 69478.5 | G16: ='Source Rates'!H16*Assumptions!$B$4 -> 103603.5 | H16: ='Source Rates'!I16*Assumptions!$B$4 -> 137728.5 | I16: ='Source Rates'!J16*Assumptions!$B$4 -> 188643 | J16: ='Source Rates'!K16*Assumptions!$B$4 -> 273136.5 | K16: ='Source Rates'!L16*Assumptions!$B$4 -> 358176
A17: Tanzania | B17: USD | C17: ='Source Rates'!D17*Assumptions!$B$4 -> 36991.5 | D17: ='Source Rates'!E17*Assumptions!$B$4 -> 43680 | E17: ='Source Rates'!F17*Assumptions!$B$4 -> 57193.5 | F17: ='Source Rates'!G17*Assumptions!$B$4 -> 69478.5 | G17: ='Source Rates'!H17*Assumptions!$B$4 -> 103603.5 | H17: ='Source Rates'!I17*Assumptions!$B$4 -> 137728.5 | I17: ='Source Rates'!J17*Assumptions!$B$4 -> 188643 | J17: ='Source Rates'!K17*Assumptions!$B$4 -> 273136.5 | K17: ='Source Rates'!L17*Assumptions!$B$4 -> 358176
A18: Nigeria | B18: USD | C18: ='Source Rates'!D18*Assumptions!$B$4 -> 36991.5 | D18: ='Source Rates'!E18*Assumptions!$B$4 -> 43680 | E18: ='Source Rates'!F18*Assumptions!$B$4 -> 57193.5 | F18: ='Source Rates'!G18*Assumptions!$B$4 -> 69478.5 | G18: ='Source Rates'!H18*Assumptions!$B$4 -> 103603.5 | H18: ='Source Rates'!I18*Assumptions!$B$4 -> 137728.5 | I18: ='Source Rates'!J18*Assumptions!$B$4 -> 188643 | J18: ='Source Rates'!K18*Assumptions!$B$4 -> 273136.5 | K18: ='Source Rates'!L18*Assumptions!$B$4 -> 358176

Sheet Rates in INR
A1: EMS Rates — Converted to INR (Indian Rupees)
A2: Base cost in INR (no buffer). Formula: KRW rate × KRW→INR FX from Assumptions sheet.
A4: Country | B4: Currency | C4: 0.5 kg | D4: 1.0 kg | E4: 2.0 kg | F4: 3.0 kg | G4: 5.0 kg | H4: 7.0 kg | I4: 10.0 kg | J4: 15.0 kg | K4: 20.0 kg
A5: United States | B5: USD | C5: ='Rates in KRW'!C5*Assumptions!$B$7 -> 1921.92 | D5: ='Rates in KRW'!D5*Assumptions!$B$7 -> 2446.08 | E5: ='Rates in KRW'!E5*Assumptions!$B$7 -> 3407.04 | F5: ='Rates in KRW'!F5*Assumptions!$B$7 -> 4368 | G5: ='Rates in KRW'!G5*Assumptions!$B$7 -> 6289.92 | H5: ='Rates in KRW'!H5*Assumptions!$B$7 -> 8299.2 | I5: ='Rates in KRW'!I5*Assumptions!$B$7 -> 11182.08 | J5: ='Rates in KRW'!J5*Assumptions!$B$7 -> 16074.24 | K5: ='Rates in KRW'!K5*Assumptions!$B$7 -> 20966.4
A6: United Kingdom | B6: GBP | C6: ='Rates in KRW'!C6*Assumptions!$B$7 -> 2358.72 | D6: ='Rates in KRW'!D6*Assumptions!$B$7 -> 2695.68 | E6: ='Rates in KRW'!E6*Assumptions!$B$7 -> 3257.28 | F6: ='Rates in KRW'!F6*Assumptions!$B$7 -> 3706.56 | G6: ='Rates in KRW'!G6*Assumptions!$B$7 -> 4717.44 | H6: ='Rates in KRW'!H6*Assumptions!$B$7 -> 5840.64 | I6: ='Rates in KRW'!I6*Assumptions!$B$7 -> 7637.76 | J6: ='Rates in KRW'!J6*Assumptions!$B$7 -> 10670.4 | K6: ='Rates in KRW'!K6*Assumptions!$B$7 -> 13703.04
A7: Vietnam | B7: USD | C7: ='Rates in KRW'!C7*Assumptions!$B$7 -> 1223.04 | D7: ='Rates in KRW'!D7*Assumptions!$B$7 -> 1397.76 | E7: ='Rates in KRW'!E7*Assumptions!$B$7 -> 1659.84 | F7: ='Rates in KRW'!F7*Assumptions!$B$7 -> 1834.56 | G7: ='Rates in KRW'!G7*Assumptions!$B$7 -> 2271.36 | H7: ='Rates in KRW'!H7*Assumptions!$B$7 -> 2708.16 | I7: ='Rates in KRW'!I7*Assumptions!$B$7 -> 3494.4 | J7: ='Rates in KRW'!J7*Assumptions!$B$7 -> 4892.16 | K7: ='Rates in KRW'!K7*Assumptions!$B$7 -> 6202.56
A8: France | B8: EUR | C8: ='Rates in KRW'!C8*Assumptions!$B$7 -> 1894.144 | D8: ='Rates in KRW'!D8*Assumptions!$B$7 -> 2145.408 | E8: ='Rates in KRW'!E8*Assumptions!$B$7 -> 2657.6 | F8: ='Rates in KRW'!F8*Assumptions!$B$7 -> 3131.136 | G8: ='Rates in KRW'!G8*Assumptions!$B$7 -> 4107.2 | H8: ='Rates in KRW'!H8*Assumptions!$B$7 -> 5131.584 | I8: ='Rates in KRW'!I8*Assumptions!$B$7 -> 7083.712 | J8: ='Rates in KRW'!J8*Assumptions!$B$7 -> 10282.496 | K8: ='Rates in KRW'!K8*Assumptions!$B$7 -> 13519.936
A9: Germany | B9: EUR | C9: ='Rates in KRW'!C9*Assumptions!$B$7 -> 2222.72 | D9: ='Rates in KRW'!D9*Assumptions!$B$7 -> 2541.632 | E9: ='Rates in KRW'!E9*Assumptions!$B$7 -> 3160.128 | F9: ='Rates in KRW'!F9*Assumptions!$B$7 -> 3672.32 | G9: ='Rates in KRW'!G9*Assumptions!$B$7 -> 4725.696 | H9: ='Rates in KRW'!H9*Assumptions!$B$7 -> 5808.064 | I9: ='Rates in KRW'!I9*Assumptions!$B$7 -> 7673.216 | J9: ='Rates in KRW'!J9*Assumptions!$B$7 -> 10717.376 | K9: ='Rates in KRW'!K9*Assumptions!$B$7 -> 13800.192
A10: Spain | B10: EUR | C10: ='Rates in KRW'!C10*Assumptions!$B$7 -> 2029.44 | D10: ='Rates in KRW'!D10*Assumptions!$B$7 -> 2319.36 | E10: ='Rates in KRW'!E10*Assumptions!$B$7 -> 2995.84 | F10: ='Rates in KRW'!F10*Assumptions!$B$7 -> 3575.68 | G10: ='Rates in KRW'!G10*Assumptions!$B$7 -> 4832 | H10: ='Rates in KRW'!H10*Assumptions!$B$7 -> 6184.96 | I10: ='Rates in KRW'!I10*Assumptions!$B$7 -> 8117.76 | J10: ='Rates in KRW'!J10*Assumptions!$B$7 -> 11306.88 | K10: ='Rates in KRW'!K10*Assumptions!$B$7 -> 14496
A11: Italy | B11: USD | C11: ='Rates in KRW'!C11*Assumptions!$B$7 -> 2009.28 | D11: ='Rates in KRW'!D11*Assumptions!$B$7 -> 2271.36 | E11: ='Rates in KRW'!E11*Assumptions!$B$7 -> 2795.52 | F11: ='Rates in KRW'!F11*Assumptions!$B$7 -> 3232.32 | G11: ='Rates in KRW'!G11*Assumptions!$B$7 -> 4280.64 | H11: ='Rates in KRW'!H11*Assumptions!$B$7 -> 5416.32 | I11: ='Rates in KRW'!I11*Assumptions!$B$7 -> 7338.24 | J11: ='Rates in KRW'!J11*Assumptions!$B$7 -> 10570.56 | K11: ='Rates in KRW'!K11*Assumptions!$B$7 -> 13802.88
A12: Poland | B12: USD | C12: ='Rates in KRW'!C12*Assumptions!$B$7 -> 2009.28 | D12: ='Rates in KRW'!D12*Assumptions!$B$7 -> 2271.36 | E12: ='Rates in KRW'!E12*Assumptions!$B$7 -> 2795.52 | F12: ='Rates in KRW'!F12*Assumptions!$B$7 -> 3232.32 | G12: ='Rates in KRW'!G12*Assumptions!$B$7 -> 4280.64 | H12: ='Rates in KRW'!H12*Assumptions!$B$7 -> 5416.32 | I12: ='Rates in KRW'!I12*Assumptions!$B$7 -> 7338.24 | J12: ='Rates in KRW'!J12*Assumptions!$B$7 -> 10570.56 | K12: ='Rates in KRW'!K12*Assumptions!$B$7 -> 13802.88
A13: Portugal | B13: USD | C13: ='Rates in KRW'!C13*Assumptions!$B$7 -> 2009.28 | D13: ='Rates in KRW'!D13*Assumptions!$B$7 -> 2271.36 | E13: ='Rates in KRW'!E13*Assumptions!$B$7 -> 2795.52 | F13: ='Rates in KRW'!F13*Assumptions!$B$7 -> 3232.32 | G13: ='Rates in KRW'!G13*Assumptions!$B$7 -> 4280.64 | H13: ='Rates in KRW'!H13*Assumptions!$B$7 -> 5416.32 | I13: ='Rates in KRW'!I13*Assumptions!$B$7 -> 7338.24 | J13: ='Rates in KRW'!J13*Assumptions!$B$7 -> 10570.56 | K13: ='Rates in KRW'!K13*Assumptions!$B$7 -> 13802.88
A14: Qatar | B14: USD | C14: ='Rates in KRW'!C14*Assumptions!$B$7 -> 2009.28 | D14: ='Rates in KRW'!D14*Assumptions!$B$7 -> 2271.36 | E14: ='Rates in KRW'!E14*Assumptions!$B$7 -> 2795.52 | F14: ='Rates in KRW'!F14*Assumptions!$B$7 -> 3232.32 | G14: ='Rates in KRW'!G14*Assumptions!$B$7 -> 4280.64 | H14: ='Rates in KRW'!H14*Assumptions!$B$7 -> 5416.32 | I14: ='Rates in KRW'!I14*Assumptions!$B$7 -> 7338.24 | J14: ='Rates in KRW'!J14*Assumptions!$B$7 -> 10570.56 | K14: ='Rates in KRW'!K14*Assumptions!$B$7 -> 13802.88
A15: UAE | B15: USD | C15: ='Rates in KRW'!C15*Assumptions!$B$7 -> 2009.28 | D15: ='Rates in KRW'!D15*Assumptions!$B$7 -> 2271.36 | E15: ='Rates in KRW'!E15*Assumptions!$B$7 -> 2795.52 | F15: ='Rates in KRW'!F15*Assumptions!$B$7 -> 3232.32 | G15: ='Rates in KRW'!G15*Assumptions!$B$7 -> 4280.64 | H15: ='Rates in KRW'!H15*Assumptions!$B$7 -> 5416.32 | I15: ='Rates in KRW'!I15*Assumptions!$B$7 -> 7338.24 | J15: ='Rates in KRW'!J15*Assumptions!$B$7 -> 10570.56 | K15: ='Rates in KRW'!K15*Assumptions!$B$7 -> 13802.88
A16: South Africa | B16: USD | C16: ='Rates in KRW'!C16*Assumptions!$B$7 -> 2367.456 | D16: ='Rates in KRW'!D16*Assumptions!$B$7 -> 2795.52 | E16: ='Rates in KRW'!E16*Assumptions!$B$7 -> 3660.384 | F16: ='Rates in KRW'!F16*Assumptions!$B$7 -> 4446.624 | G16: ='Rates in KRW'!G16*Assumptions!$B$7 -> 6630.624 | H16: ='Rates in KRW'!H16*Assumptions!$B$7 -> 8814.624 | I16: ='Rates in KRW'!I16*Assumptions!$B$7 -> 12073.152 | J16: ='Rates in KRW'!J16*Assumptions!$B$7 -> 17480.736 | K16: ='Rates in KRW'!K16*Assumptions!$B$7 -> 22923.264
... A18: Nigeria | B18: USD | C18: ='Rates in KRW'!C18*Assumptions!$B$7 -> 2367.456 | D18: ='Rates in KRW'!D18*Assumptions!$B$7 -> 2795.52 | E18: ='Rates in KRW'!E18*Assumptions!$B$7 -> 3660.384 | F18: ='Rates in KRW'!F18*Assumptions!$B$7 -> 4446.624 | G18: ='Rates in KRW'!G18*Assumptions!$B$7 -> 6630.624 | H18: ='Rates in KRW'!H18*Assumptions!$B$7 -> 8814.624 | I18: ='Rates in KRW'!I18*Assumptions!$B$7 -> 12073.152 | J18: ='Rates in KRW'!J18*Assumptions!$B$7 -> 17480.736 | K18: ='Rates in KRW'!K18*Assumptions!$B$7 -> 22923.264

Sheet Customer Price (INR)
A1: Customer-facing Shipping Price (INR) — INCLUDES BUFFER
A2: These are the values to load into your shipping_rates DB table. Formula: INR rate × (1 + buffer %).
A4: Country | B4: Currency | C4: 0.5 kg | D4: 1.0 kg | E4: 2.0 kg | F4: 3.0 kg | G4: 5.0 kg | H4: 7.0 kg | I4: 10.0 kg | J4: 15.0 kg | K4: 20.0 kg
A5: United States | B5: USD | C5: ='Rates in INR'!C5*(1+Assumptions!$B$10) -> 2306.304 | D5: ='Rates in INR'!D5*(1+Assumptions!$B$10) -> 2935.296 | E5: ='Rates in INR'!E5*(1+Assumptions!$B$10) -> 4088.448 | F5: ='Rates in INR'!F5*(1+Assumptions!$B$10) -> 5241.6 | G5: ='Rates in INR'!G5*(1+Assumptions!$B$10) -> 7547.904 | H5: ='Rates in INR'!H5*(1+Assumptions!$B$10) -> 9959.04 | I5: ='Rates in INR'!I5*(1+Assumptions!$B$10) -> 13418.496 | J5: ='Rates in INR'!J5*(1+Assumptions!$B$10) -> 19289.088 | K5: ='Rates in INR'!K5*(1+Assumptions!$B$10) -> 25159.68
A6: United Kingdom | B6: GBP | C6: ='Rates in INR'!C6*(1+Assumptions!$B$10) -> 2830.464 | D6: ='Rates in INR'!D6*(1+Assumptions!$B$10) -> 3234.816 | E6: ='Rates in INR'!E6*(1+Assumptions!$B$10) -> 3908.736 | F6: ='Rates in INR'!F6*(1+Assumptions!$B$10) -> 4447.872 | G6: ='Rates in INR'!G6*(1+Assumptions!$B$10) -> 5660.928 | H6: ='Rates in INR'!H6*(1+Assumptions!$B$10) -> 7008.768 | I6: ='Rates in INR'!I6*(1+Assumptions!$B$10) -> 9165.312 | J6: ='Rates in INR'!J6*(1+Assumptions!$B$10) -> 12804.48 | K6: ='Rates in INR'!K6*(1+Assumptions!$B$10) -> 16443.648
A7: Vietnam | B7: USD | C7: ='Rates in INR'!C7*(1+Assumptions!$B$10) -> 1467.648 | D7: ='Rates in INR'!D7*(1+Assumptions!$B$10) -> 1677.312 | E7: ='Rates in INR'!E7*(1+Assumptions!$B$10) -> 1991.808 | F7: ='Rates in INR'!F7*(1+Assumptions!$B$10) -> 2201.472 | G7: ='Rates in INR'!G7*(1+Assumptions!$B$10) -> 2725.632 | H7: ='Rates in INR'!H7*(1+Assumptions!$B$10) -> 3249.792 | I7: ='Rates in INR'!I7*(1+Assumptions!$B$10) -> 4193.28 | J7: ='Rates in INR'!J7*(1+Assumptions!$B$10) -> 5870.592 | K7: ='Rates in INR'!K7*(1+Assumptions!$B$10) -> 7443.072
A8: France | B8: EUR | C8: ='Rates in INR'!C8*(1+Assumptions!$B$10) -> 2272.9728 | D8: ='Rates in INR'!D8*(1+Assumptions!$B$10) -> 2574.4896 | E8: ='Rates in INR'!E8*(1+Assumptions!$B$10) -> 3189.12 | F8: ='Rates in INR'!F8*(1+Assumptions!$B$10) -> 3757.3632 | G8: ='Rates in INR'!G8*(1+Assumptions!$B$10) -> 4928.64 | H8: ='Rates in INR'!H8*(1+Assumptions!$B$10) -> 6157.9008 | I8: ='Rates in INR'!I8*(1+Assumptions!$B$10) -> 8500.4544 | J8: ='Rates in INR'!J8*(1+Assumptions!$B$10) -> 12338.995 | K8: ='Rates in INR'!K8*(1+Assumptions!$B$10) -> 16223.923
A9: Germany | B9: EUR | C9: ='Rates in INR'!C9*(1+Assumptions!$B$10) -> 2667.264 | D9: ='Rates in INR'!D9*(1+Assumptions!$B$10) -> 3049.9584 | E9: ='Rates in INR'!E9*(1+Assumptions!$B$10) -> 3792.1536 | F9: ='Rates in INR'!F9*(1+Assumptions!$B$10) -> 4406.784 | G9: ='Rates in INR'!G9*(1+Assumptions!$B$10) -> 5670.8352 | H9: ='Rates in INR'!H9*(1+Assumptions!$B$10) -> 6969.6768 | I9: ='Rates in INR'!I9*(1+Assumptions!$B$10) -> 9207.8592 | J9: ='Rates in INR'!J9*(1+Assumptions!$B$10) -> 12860.851 | K9: ='Rates in INR'!K9*(1+Assumptions!$B$10) -> 16560.23
A10: Spain | B10: EUR | C10: ='Rates in INR'!C10*(1+Assumptions!$B$10) -> 2435.328 | D10: ='Rates in INR'!D10*(1+Assumptions!$B$10) -> 2783.232 | E10: ='Rates in INR'!E10*(1+Assumptions!$B$10) -> 3595.008 | F10: ='Rates in INR'!F10*(1+Assumptions!$B$10) -> 4290.816 | G10: ='Rates in INR'!G10*(1+Assumptions!$B$10) -> 5798.4 | H10: ='Rates in INR'!H10*(1+Assumptions!$B$10) -> 7421.952 | I10: ='Rates in INR'!I10*(1+Assumptions!$B$10) -> 9741.312 | J10: ='Rates in INR'!J10*(1+Assumptions!$B$10) -> 13568.256 | K10: ='Rates in INR'!K10*(1+Assumptions!$B$10) -> 17395.2
A11: Italy | B11: USD | C11: ='Rates in INR'!C11*(1+Assumptions!$B$10) -> 2411.136 | D11: ='Rates in INR'!D11*(1+Assumptions!$B$10) -> 2725.632 | E11: ='Rates in INR'!E11*(1+Assumptions!$B$10) -> 3354.624 | F11: ='Rates in INR'!F11*(1+Assumptions!$B$10) -> 3878.784 | G11: ='Rates in INR'!G11*(1+Assumptions!$B$10) -> 5136.768 | H11: ='Rates in INR'!H11*(1+Assumptions!$B$10) -> 6499.584 | I11: ='Rates in INR'!I11*(1+Assumptions!$B$10) -> 8805.888 | J11: ='Rates in INR'!J11*(1+Assumptions!$B$10) -> 12684.672 | K11: ='Rates in INR'!K11*(1+Assumptions!$B$10) -> 16563.456
A12: Poland | B12: USD | C12: ='Rates in INR'!C12*(1+Assumptions!$B$10) -> 2411.136 | D12: ='Rates in INR'!D12*(1+Assumptions!$B$10) -> 2725.632 | E12: ='Rates in INR'!E12*(1+Assumptions!$B$10) -> 3354.624 | F12: ='Rates in INR'!F12*(1+Assumptions!$B$10) -> 3878.784 | G12: ='Rates in INR'!G12*(1+Assumptions!$B$10) -> 5136.768 | H12: ='Rates in INR'!H12*(1+Assumptions!$B$10) -> 6499.584 | I12: ='Rates in INR'!I12*(1+Assumptions!$B$10) -> 8805.888 | J12: ='Rates in INR'!J12*(1+Assumptions!$B$10) -> 12684.672 | K12: ='Rates in INR'!K12*(1+Assumptions!$B$10) -> 16563.456
A13: Portugal | B13: USD | C13: ='Rates in INR'!C13*(1+Assumptions!$B$10) -> 2411.136 | D13: ='Rates in INR'!D13*(1+Assumptions!$B$10) -> 2725.632 | E13: ='Rates in INR'!E13*(1+Assumptions!$B$10) -> 3354.624 | F13: ='Rates in INR'!F13*(1+Assumptions!$B$10) -> 3878.784 | G13: ='Rates in INR'!G13*(1+Assumptions!$B$10) -> 5136.768 | H13: ='Rates in INR'!H13*(1+Assumptions!$B$10) -> 6499.584 | I13: ='Rates in INR'!I13*(1+Assumptions!$B$10) -> 8805.888 | J13: ='Rates in INR'!J13*(1+Assumptions!$B$10) -> 12684.672 | K13: ='Rates in INR'!K13*(1+Assumptions!$B$10) -> 16563.456
A14: Qatar | B14: USD | C14: ='Rates in INR'!C14*(1+Assumptions!$B$10) -> 2411.136 | D14: ='Rates in INR'!D14*(1+Assumptions!$B$10) -> 2725.632 | E14: ='Rates in INR'!E14*(1+Assumptions!$B$10) -> 3354.624 | F14: ='Rates in INR'!F14*(1+Assumptions!$B$10) -> 3878.784 | G14: ='Rates in INR'!G14*(1+Assumptions!$B$10) -> 5136.768 | H14: ='Rates in INR'!H14*(1+Assumptions!$B$10) -> 6499.584 | I14: ='Rates in INR'!I14*(1+Assumptions!$B$10) -> 8805.888 | J14: ='Rates in INR'!J14*(1+Assumptions!$B$10) -> 12684.672 | K14: ='Rates in INR'!K14*(1+Assumptions!$B$10) -> 16563.456
A15: UAE | B15: USD | C15: ='Rates in INR'!C15*(1+Assumptions!$B$10) -> 2411.136 | D15: ='Rates in INR'!D15*(1+Assumptions!$B$10) -> 2725.632 | E15: ='Rates in INR'!E15*(1+Assumptions!$B$10) -> 3354.624 | F15: ='Rates in INR'!F15*(1+Assumptions!$B$10) -> 3878.784 | G15: ='Rates in INR'!G15*(1+Assumptions!$B$10) -> 5136.768 | H15: ='Rates in INR'!H15*(1+Assumptions!$B$10) -> 6499.584 | I15: ='Rates in INR'!I15*(1+Assumptions!$B$10) -> 8805.888 | J15: ='Rates in INR'!J15*(1+Assumptions!$B$10) -> 12684.672 | K15: ='Rates in INR'!K15*(1+Assumptions!$B$10) -> 16563.456
A16: South Africa | B16: USD | C16: ='Rates in INR'!C16*(1+Assumptions!$B$10) -> 2840.9472 | D16: ='Rates in INR'!D16*(1+Assumptions!$B$10) -> 3354.624 | E16: ='Rates in INR'!E16*(1+Assumptions!$B$10) -> 4392.4608 | F16: ='Rates in INR'!F16*(1+Assumptions!$B$10) -> 5335.9488 | G16: ='Rates in INR'!G16*(1+Assumptions!$B$10) -> 7956.7488 | H16: ='Rates in INR'!H16*(1+Assumptions!$B$10) -> 10577.549 | I16: ='Rates in INR'!I16*(1+Assumptions!$B$10) -> 14487.782 | J16: ='Rates in INR'!J16*(1+Assumptions!$B$10) -> 20976.883 | K16: ='Rates in INR'!K16*(1+Assumptions!$B$10) -> 27507.917
... A18: Nigeria | B18: USD | C18: ='Rates in INR'!C18*(1+Assumptions!$B$10) -> 2840.9472 | D18: ='Rates in INR'!D18*(1+Assumptions!$B$10) -> 3354.624 | E18: ='Rates in INR'!E18*(1+Assumptions!$B$10) -> 4392.4608 | F18: ='Rates in INR'!F18*(1+Assumptions!$B$10) -> 5335.9488 | G18: ='Rates in INR'!G18*(1+Assumptions!$B$10) -> 7956.7488 | H18: ='Rates in INR'!H18*(1+Assumptions!$B$10) -> 10577.549 | I18: ='Rates in INR'!I18*(1+Assumptions!$B$10) -> 14487.782 | J18: ='Rates in INR'!J18*(1+Assumptions!$B$10) -> 20976.883 | K18: ='Rates in INR'!K18*(1+Assumptions!$B$10) -> 27507.917
